,0
0,0.5248172
1,0.5247281
2,0.52463335
3,0.5246458
4,0.5245426
5,0.524494
6,0.52464056
7,0.524616
8,0.5245673
9,0.5247043
10,0.5248592
11,0.5249805
12,0.5252403
13,0.525569
14,0.5258369
15,0.5259099
16,0.5257713
17,0.5256051
18,0.52548134
19,0.52540463
20,0.52544963
21,0.5259254
22,0.5261939
23,0.5261443
24,0.52621233
25,0.52610636
26,0.52653104
27,0.52673256
28,0.5268609
29,0.5270628
30,0.527079
31,0.5270121
32,0.5271287
33,0.52716225
34,0.52714586
35,0.5273809
36,0.52937955
37,0.52949107
38,0.5290095
39,0.5283261
40,0.5300728
41,0.530805
42,0.5306201
43,0.5299558
44,0.5291423
45,0.52825147
46,0.5278232
47,0.5276026
48,0.52752364
49,0.5270882
50,0.5264365
51,0.5263448
52,0.52674717
53,0.5270401
54,0.5266253
55,0.5260592
56,0.52568
57,0.5254525
58,0.525238
59,0.5248421
60,0.5250933
61,0.5251463
62,0.5252586
63,0.5253491
64,0.52568835
65,0.52560705
66,0.5256698
67,0.5258528
68,0.5271252
69,0.5274857
70,0.52701473
71,0.5262216
72,0.5256647
73,0.5255658
74,0.52522594
75,0.52486175
76,0.52458847
77,0.52433914
78,0.52411634
79,0.5241711
80,0.52450985
81,0.5241391
82,0.5241107
83,0.5254755
84,0.5259316
85,0.5260682
86,0.5257063
87,0.5250456
88,0.52445275
89,0.5240151
90,0.5237299
91,0.52440184
92,0.52426255
93,0.5240264
94,0.52412146
95,0.5242068
96,0.52389294
97,0.52382517
98,0.52444607
99,0.5245789
100,0.5245637
101,0.5245747
102,0.5244864
103,0.52453685
104,0.5241616
105,0.5238622
106,0.5236894
107,0.52604413
108,0.5293039
109,0.53037155
110,0.52973264
111,0.52930933
112,0.5283773
113,0.5276518
114,0.5269497
115,0.5267709
116,0.52675974
117,0.5263059
118,0.5257655
119,0.52548647
120,0.525495
121,0.5252691
122,0.5250472
123,0.5248771
124,0.52493536
125,0.5248
126,0.5251326
127,0.5253448
128,0.5261809
129,0.526323
130,0.5262706
131,0.5258805
132,0.5252661
133,0.5249422
134,0.5247192
135,0.52496314
136,0.52505106
137,0.52507776
138,0.52496225
139,0.52522355
140,0.5253792
141,0.5252582
142,0.52521354
143,0.52534664
144,0.52557963
145,0.5258681
146,0.52719593
147,0.5284967
148,0.5291679
149,0.5293594
150,0.53122026
151,0.5341482
152,0.53484213
153,0.53515583
154,0.5363315
155,0.54533774
156,0.5336137
157,0.52797705
158,0.5273077
159,0.5261024
160,0.5252544
161,0.52437776
162,0.52387697
163,0.5230847
164,0.52224404
165,0.5209425
166,0.5209201
167,0.5209865
168,0.5206752
169,0.5204539
170,0.52015275
171,0.5202769
172,0.52038777
173,0.5204029
174,0.5200302
175,0.5200351
176,0.52020913
177,0.5205959
178,0.52150553
179,0.52215004
180,0.52220243
181,0.5226747
182,0.5225985
183,0.5223451
184,0.5219443
185,0.5217875
186,0.5227742
187,0.52332693
188,0.5230742
189,0.5229488
190,0.5226954
191,0.5224602
192,0.52197444
193,0.52155006
194,0.5218081
195,0.5222929
196,0.5225638
197,0.5223739
198,0.5222429
199,0.5220218
200,0.52248937
201,0.52309644
202,0.5235155
203,0.5241555
204,0.5245991
205,0.52449936
206,0.5246037
207,0.5244194
208,0.5238809
209,0.52327704
210,0.52292264
211,0.52308285
212,0.52313346
213,0.5231713
214,0.5231521
215,0.52300876
216,0.5233351
217,0.52443206
218,0.5246571
219,0.5251348
220,0.5251624
221,0.52592546
222,0.5271486
223,0.5277571
224,0.5276106
225,0.5272558
226,0.5267326
227,0.52581626
228,0.5253586
229,0.5250772
230,0.5246941
231,0.5249848
232,0.5254058
233,0.5253212
234,0.5270404
235,0.5283938
236,0.52800006
237,0.5274025
238,0.5281519
239,0.5278381
240,0.5274821
241,0.52713275
242,0.52627826
243,0.5255226
244,0.524838
245,0.5246419
246,0.52458817
247,0.5242923
248,0.52427995
249,0.52411425
250,0.52393264
251,0.5236254
252,0.5234663
253,0.52317625
254,0.5230645
255,0.522938
256,0.522912
257,0.5232297
258,0.5232635
259,0.5228523
260,0.5225336
261,0.52288765
262,0.5230204
263,0.52314574
264,0.52350175
265,0.52352947
266,0.5233735
267,0.52342045
268,0.5234924
269,0.52328354
270,0.5230004
271,0.522825
272,0.5227694
273,0.5241122
274,0.52421576
275,0.5240134
276,0.52416146
277,0.52457154
278,0.5251725
279,0.52541465
280,0.52534693
281,0.52528065
282,0.52502126
283,0.5246892
284,0.5245305
285,0.5247172
286,0.5247817
287,0.5245033
288,0.5240629
289,0.5241421
290,0.52436155
291,0.52436966
292,0.52409536
293,0.52418286
294,0.52390456
295,0.524078
296,0.5246456
297,0.52486414
298,0.52489704
299,0.52443147
300,0.5245421
301,0.52598405
302,0.52773464
303,0.5283321
304,0.52801055
305,0.52780604
306,0.528575
307,0.5292654
308,0.52967703
309,0.53015023
310,0.5296664
311,0.5294951
312,0.5301568
313,0.5330392
314,0.53489083
315,0.534774
316,0.53407055
317,0.5332681
318,0.5328011
319,0.5319052
320,0.5309305
321,0.5315448
322,0.5321475
323,0.53181183
324,0.5313597
325,0.5305906
326,0.53013253
327,0.52962774
328,0.5295279
329,0.52955407
330,0.5298937
331,0.5295256
332,0.53077453
333,0.5314554
334,0.53088814
335,0.52988946
336,0.5295904
337,0.5292342
338,0.5289011
339,0.52835953
340,0.5279724
341,0.52771455
342,0.52707493
343,0.5268391
344,0.52663064
345,0.5264332
346,0.5265975
347,0.52637404
348,0.525975
349,0.5256281
350,0.5252534
351,0.52525556
352,0.52518487
353,0.5249201
354,0.52484286
355,0.52464044
356,0.5244949
357,0.5243546
358,0.52423704
359,0.5241517
360,0.5240408
361,0.5241924
362,0.5245087
363,0.52461374
364,0.5246338
365,0.5244788
366,0.52462095
367,0.52480143
368,0.5248725
369,0.5249148
370,0.52526
371,0.5250341
372,0.5245354
373,0.52430373
374,0.5240149
375,0.52400583
376,0.5237772
377,0.52366644
378,0.5236378
379,0.5236329
380,0.523599
381,0.52343774
382,0.5234444
383,0.5232744
384,0.5229937
385,0.5229652
386,0.5231765
387,0.5231354
388,0.5231393
389,0.5232065
390,0.5230772
391,0.52337956
392,0.52457196
393,0.52471596
394,0.52427864
395,0.523895
396,0.52362883
397,0.5239109
398,0.52409625
399,0.5240315
400,0.52375305
401,0.5233672
402,0.52333415
403,0.52337134
404,0.52333134
405,0.52383596
406,0.52412194
407,0.52389455
408,0.5236324
409,0.52345634
410,0.5231625
411,0.5229069
412,0.52290714
413,0.5229068
414,0.5228365
415,0.52276456
416,0.5225593
417,0.5226371
418,0.5226484
419,0.52253336
420,0.5222696
421,0.52213275
422,0.52298516
423,0.5232959
424,0.5232304
425,0.5230151
426,0.5229514
427,0.52278376
428,0.5226975
429,0.52265257
430,0.5227972
431,0.5225955
432,0.5223865
433,0.5221863
434,0.5220764
435,0.5220757
436,0.52208126
437,0.52181226
438,0.5217945
439,0.5218014
440,0.52176666
441,0.52251065
442,0.52253103
443,0.52213746
444,0.52165604
445,0.52125216
446,0.52112675
447,0.5209705
448,0.5209415
449,0.52110803
450,0.5212981
451,0.52122337
452,0.5211426
453,0.5211494
454,0.52116156
455,0.5209046
456,0.5205563
457,0.5203858
458,0.5208346
459,0.5209032
460,0.5207817
461,0.52045846
462,0.52042615
463,0.52034765
464,0.5201392
465,0.5199624
466,0.5200037
467,0.5198794
468,0.51973826
469,0.51947296
470,0.5194523
471,0.5203133
472,0.5216864
473,0.52218133
474,0.5217339
475,0.5213405
476,0.5212815
477,0.52161074
478,0.5213262
479,0.5209157
480,0.52043605
481,0.51987
482,0.51966786
483,0.5198273
484,0.5198331
485,0.5196041
486,0.5191642
487,0.5188573
488,0.51856554
489,0.518525
490,0.5188755
491,0.51914626
492,0.5190625
493,0.5190147
494,0.5194163
495,0.5194738
496,0.5192145
497,0.5191349
498,0.51905733
499,0.5188499
500,0.5187463
501,0.51898557
502,0.51932466
503,0.51946574
504,0.519358
505,0.52026033
506,0.52049434
507,0.5205465
508,0.5205952
509,0.52070934
510,0.5213588
511,0.52132666
512,0.521078
513,0.5209405
514,0.52100396
515,0.52113473
516,0.5210441
517,0.5210745
518,0.520714
519,0.52030426
520,0.5199131
521,0.5198081
522,0.51964957
523,0.51982754
524,0.51961315
525,0.5195584
526,0.51970804
527,0.51987225
528,0.5197854
529,0.51982695
530,0.51979595
531,0.51971346
532,0.5196685
533,0.51980716
534,0.5200765
535,0.52093303
536,0.52261543
537,0.5233345
538,0.52328175
539,0.5232303
540,0.5234012
541,0.5234343
542,0.5236379
543,0.52375746
544,0.5248279
545,0.53099656
546,0.5379106
547,0.5377807
548,0.53598034
549,0.5340443
550,0.5321802
551,0.5303253
552,0.53033197
553,0.52979845
554,0.5291066
555,0.52743816
556,0.5268758
557,0.5262469
558,0.5257886
559,0.5255927
560,0.5256258
561,0.52538234
562,0.5250015
563,0.52488935
564,0.52487093
565,0.5248187
566,0.52471864
567,0.5248725
568,0.5248735
569,0.52454245
570,0.52513725
571,0.5252224
572,0.525062
573,0.5246511
574,0.52424306
575,0.5239896
576,0.5240205
577,0.5241862
578,0.52411145
579,0.5241036
580,0.5240189
581,0.52439153
582,0.52540666
583,0.5254675
584,0.52555215
585,0.525162
586,0.524819
587,0.52460474
588,0.5251241
589,0.5261449
590,0.526654
591,0.5266692
592,0.52690923
593,0.5269986
594,0.5266354
595,0.5263545
596,0.5260626
597,0.52622044
598,0.52632815
599,0.52594435
600,0.5254599
601,0.52533925
602,0.52522355
603,0.5246724
604,0.5240464
605,0.52385396
606,0.52421105
607,0.5241989
608,0.52443343
609,0.5244264
610,0.52445054
611,0.52412266
612,0.52410275
613,0.52613103
614,0.5279422
615,0.5286677
616,0.52875847
617,0.52843475
618,0.5276787
619,0.52745867
620,0.5268857
621,0.52664196
622,0.5264995
623,0.5263458
624,0.5264789
625,0.5264651
626,0.527032
627,0.52745354
628,0.5269843
629,0.52687705
630,0.5270805
631,0.5272729
632,0.52777064
633,0.5274007
634,0.52701265
635,0.5274038
636,0.52880895
637,0.5299121
638,0.53042996
639,0.52982044
640,0.52923477
641,0.5287026
642,0.5287134
643,0.5291004
644,0.52901566
645,0.52907234
646,0.52921724
647,0.52869
648,0.5280754
649,0.5276976
650,0.52838814
651,0.52943945
652,0.53064674
653,0.5315157
654,0.5309949
655,0.53071404
656,0.53076845
657,0.5305218
658,0.53122014
659,0.5307204
660,0.5302174
661,0.53078324
662,0.53081685
663,0.5305295
664,0.53056693
665,0.53063256
666,0.53161687
667,0.5315775
668,0.5311908
669,0.5306256
670,0.5303105
671,0.5298717
672,0.52916414
673,0.5286546
674,0.5284041
675,0.52811885
676,0.5278347
677,0.52741957
678,0.52753866
679,0.5273712
680,0.5271488
681,0.5268466
682,0.5268827
683,0.52685523
684,0.5266077
685,0.52633554
686,0.5280822
687,0.52831703
688,0.52828455
689,0.5279174
690,0.5272616
691,0.5268839
692,0.526464
693,0.52625656
694,0.52632165
695,0.5263347
696,0.526136
697,0.526045
698,0.52627224
699,0.5263669
700,0.52651507
701,0.5263805
702,0.5260078
703,0.5256339
704,0.5253299
705,0.52542895
706,0.5254417
707,0.52527064
708,0.5250504
709,0.5249888
710,0.5252462
711,0.52543014
712,0.5256021
713,0.52611053
714,0.526144
715,0.5257749
716,0.52524066
717,0.5250832
718,0.52520293
719,0.5256263
720,0.5259081
721,0.5258346
722,0.5258257
723,0.52564937
724,0.525583
725,0.5254158
726,0.52530503
727,0.5256187
728,0.5259117
729,0.5259246
730,0.5260854
731,0.5260384
732,0.52613324
733,0.5266574
734,0.526886
735,0.5268422
736,0.52680814
737,0.5265124
738,0.52616143
739,0.526262
740,0.5265361
741,0.526323
742,0.5264491
743,0.52665615
744,0.5265573
745,0.52627206
746,0.52607924
747,0.5260747
748,0.5261277
749,0.52620375
750,0.5266774
751,0.5273895
752,0.52783775
753,0.5276913
754,0.5274863
755,0.5271036
756,0.52710533
757,0.52731055
758,0.52729285
759,0.52714026
760,0.5268185
761,0.5265842
762,0.5264703
763,0.5261503
764,0.5259485
765,0.52572256
766,0.52582455
767,0.52691585
768,0.5270326
769,0.5267028
770,0.5268212
771,0.52664965
772,0.5268125
773,0.5268401
774,0.5268691
775,0.5268814
776,0.52672756
777,0.5264877
778,0.52633595
779,0.52605605
780,0.5258108
781,0.52580893
782,0.52579045
783,0.5256956
784,0.5254926
785,0.52527094
786,0.52523714
787,0.52518064
788,0.5250602
789,0.5249195
790,0.5250707
791,0.5251217
792,0.5250317
793,0.525226
794,0.5253911
795,0.5253507
796,0.52539796
797,0.5256138
798,0.5259969
799,0.5265011
800,0.52681845
801,0.52731806
802,0.5277723
803,0.52856743
804,0.5291392
805,0.5290049
806,0.52918375
807,0.52902275
808,0.53012246
809,0.5317072
810,0.53180426
811,0.53198177
812,0.53233635
813,0.5324013
814,0.5328966
815,0.5327958
816,0.53243303
817,0.531841
818,0.53196466
819,0.5323424
820,0.53241885
821,0.5318998
822,0.53136396
823,0.5312898
824,0.5311696
825,0.5308064
826,0.53035384
827,0.5300157
828,0.5298096
829,0.52993184
830,0.5295709
831,0.5295698
832,0.52958304
833,0.52945423
834,0.5292935
835,0.52904713
836,0.5304241
837,0.53048706
838,0.5302229
839,0.530139
840,0.53020394
841,0.5301425
842,0.53010577
843,0.5295692
844,0.5290919
845,0.52872765
846,0.52883786
847,0.5287671
848,0.5284707
849,0.5282381
850,0.5280693
851,0.52787405
852,0.52803653
853,0.5278714
854,0.5279207
855,0.5281996
856,0.5284252
857,0.5280539
858,0.5276925
859,0.527429
860,0.52708125
861,0.52706164
862,0.5275639
863,0.5279972
864,0.52808857
865,0.5280772
866,0.5287031
867,0.5287835
868,0.52855986
869,0.52820855
870,0.52790254
871,0.52806497
872,0.5282104
873,0.528182
874,0.52810764
875,0.5285329
876,0.528163
877,0.5281648
878,0.52849114
879,0.5290142
880,0.5299025
881,0.5301609
882,0.52994335
883,0.5299319
884,0.5306832
885,0.53094494
886,0.5306681
887,0.5307097
888,0.53073066
889,0.53106976
890,0.5313455
891,0.53189147
892,0.5319644
893,0.53181624
894,0.53185797
895,0.5318507
896,0.5317298
897,0.531254
898,0.5314545
899,0.53082377
900,0.53035396
901,0.53005284
902,0.5295852
903,0.5293332
904,0.5293095
905,0.5290736
906,0.5290686
907,0.5291216
908,0.5296859
909,0.5301096
910,0.52998513
911,0.5295703
912,0.52951616
913,0.52955985
914,0.52968943
915,0.5295887
916,0.5305227
917,0.530817
918,0.5313832
919,0.5324297
920,0.5333703
921,0.53436404
922,0.5351722
923,0.53598
924,0.53587216
925,0.5354123
926,0.53777564
927,0.5393791
928,0.5413058
929,0.5407356
930,0.5418191
931,0.54384387
932,0.5451824
933,0.54604805
934,0.55118483
935,0.57586145
936,0.5525481
937,0.5409823
938,0.53623176
939,0.5330711
940,0.5299219
941,0.5276896
942,0.52657455
943,0.52614594
944,0.52567846
945,0.52416664
946,0.5233679
947,0.52259547
948,0.52208775
949,0.5219516
950,0.5218731
951,0.52215844
952,0.5225736
953,0.5226869
954,0.52209204
955,0.5220217
956,0.5219467
957,0.5225157
958,0.52276635
959,0.52224493
960,0.5218485
961,0.5219784
962,0.5217172
963,0.5214745
964,0.5217526
965,0.52190065
966,0.52301216
967,0.52394974
968,0.5243998
969,0.5243893
970,0.52382135
971,0.5234284
972,0.52315253
973,0.5219671
974,0.52153546
975,0.5217543
976,0.5219769
977,0.521929
978,0.52174336
979,0.52137244
980,0.5211201
981,0.520533
982,0.5203881
983,0.52043056
984,0.52045447
985,0.5204
986,0.52066785
987,0.52107733
988,0.5211942
989,0.52139646
990,0.52142984
991,0.5212785
992,0.5218661
993,0.5221847
994,0.5224345
995,0.5221021
996,0.52165496
997,0.5214301
998,0.52120256
999,0.5211406
1000,0.52108276
1001,0.5208915
1002,0.5207629
1003,0.52101225
1004,0.52118534
1005,0.52143174
1006,0.5214894
1007,0.5212867
1008,0.52120626
1009,0.5211076
1010,0.52137685
1011,0.52132
1012,0.52097744
1013,0.5209372
1014,0.52101034
1015,0.52121985
1016,0.5212748
1017,0.5223952
1018,0.5234971
1019,0.52414834
1020,0.5239936
1021,0.52385944
1022,0.52366865
1023,0.52338356
1024,0.52333134
1025,0.5230457
1026,0.52351487
1027,0.52420974
1028,0.5245469
1029,0.52440304
1030,0.5242993
1031,0.52414197
1032,0.52374953
1033,0.52334243
1034,0.523237
1035,0.5230247
1036,0.52306193
1037,0.5244707
1038,0.52512103
1039,0.525263
1040,0.52506846
1041,0.52465165
1042,0.5241002
1043,0.5239264
1044,0.52372015
1045,0.52356815
1046,0.5237079
1047,0.5233614
1048,0.5231945
1049,0.52324677
1050,0.5232538
1051,0.52367353
1052,0.5241552
1053,0.524389
1054,0.5241792
1055,0.5241126
1056,0.52418345
1057,0.5241841
1058,0.5240478
1059,0.5235224
1060,0.523379
1061,0.5232343
1062,0.52287287
1063,0.5229895
1064,0.5231036
1065,0.5229355
1066,0.52293605
1067,0.5230371
1068,0.5230291
1069,0.52273107
1070,0.52231383
1071,0.5220993
1072,0.52219397
1073,0.5221835
1074,0.52217335
1075,0.52226675
1076,0.52244085
1077,0.52297175
1078,0.5235166
1079,0.52348554
1080,0.5234316
1081,0.5232343
1082,0.5226735
1083,0.5221621
1084,0.52193695
1085,0.5218933
1086,0.521976
1087,0.52219504
1088,0.5222806
1089,0.5222021
1090,0.52214134
1091,0.52215725
1092,0.52202094
1093,0.5221887
1094,0.5222206
1095,0.5223136
1096,0.5225417
1097,0.5225637
1098,0.52258474
1099,0.5228293
1100,0.52272594
1101,0.5226892
1102,0.5226012
1103,0.5225508
1104,0.5226313
1105,0.52273196
1106,0.5228144
1107,0.52296567
1108,0.5228442
1109,0.5229144
1110,0.5228787
1111,0.5228264
1112,0.52280426
1113,0.5230179
1114,0.523031
1115,0.5232218
1116,0.5233264
1117,0.5236298
1118,0.52375287
1119,0.52370083
1120,0.52345586
1121,0.52352023
1122,0.5235272
1123,0.52339417
1124,0.52331
1125,0.5232644
1126,0.5231393
1127,0.5230165
1128,0.52295905
1129,0.52322716
1130,0.5234599
1131,0.5236215
1132,0.52366126
1133,0.5236098
1134,0.5235413
1135,0.5236227
1136,0.5239903
1137,0.5238477
1138,0.5236802
1139,0.5234938
1140,0.5232613
1141,0.5234853
1142,0.5235764
1143,0.5235889
1144,0.52337533
1145,0.52313906
1146,0.5227691
1147,0.52268374
1148,0.52267975
1149,0.52288073
1150,0.52280164
1151,0.5226764
1152,0.5228502
1153,0.5229159
1154,0.5227478
1155,0.5226264
1156,0.5227177
1157,0.52267176
1158,0.5226101
1159,0.5226421
1160,0.5226932
1161,0.52267426
1162,0.52249324
1163,0.52244544
1164,0.52243567
1165,0.5226476
1166,0.52264476
1167,0.5226814
1168,0.52281755
1169,0.5229702
1170,0.523243
1171,0.523513
1172,0.52356315
1173,0.5234529
1174,0.5232664
1175,0.5232734
1176,0.52323055
1177,0.5233733
1178,0.523299
1179,0.52320457
1180,0.5230221
1181,0.52276355
1182,0.52321494
1183,0.5232109
1184,0.5234152
1185,0.5232608
1186,0.5231407
1187,0.5227945
1188,0.52256554
1189,0.5225555
1190,0.5227537
1191,0.522615
1192,0.52246034
1193,0.5225622
1194,0.5225647
1195,0.5225603
1196,0.52243567
1197,0.5224545
1198,0.5225629
1199,0.5227461
1200,0.52267605
1201,0.5226412
1202,0.52257615
1203,0.5225251
1204,0.5224168
1205,0.5223716
1206,0.52241147
1207,0.5225283
1208,0.52259016
1209,0.522387
1210,0.52231157
1211,0.522255
1212,0.52203155
1213,0.52292806
1214,0.5231516
1215,0.52312964
1216,0.522907
1217,0.5226568
1218,0.5224441
1219,0.522289
1220,0.5220355
1221,0.5219442
1222,0.5219434
1223,0.52203524
1224,0.5221321
1225,0.522068
1226,0.5222218
1227,0.5221958
1228,0.5221204
1229,0.5222387
1230,0.52217484
1231,0.52194905
1232,0.5217932
1233,0.52178127
1234,0.52195823
1235,0.5218981
1236,0.5216255
1237,0.5214609
1238,0.5213729
1239,0.52153933
1240,0.52179545
1241,0.5218433
1242,0.52186185
1243,0.52199894
1244,0.5221121
1245,0.5220377
1246,0.5217958
1247,0.5215189
1248,0.521559
1249,0.52146757
1250,0.5213953
1251,0.5212871
1252,0.52116466
1253,0.5211456
1254,0.5213193
1255,0.5213678
1256,0.521332
1257,0.52124196
1258,0.5211607
1259,0.52179545
1260,0.5218532
1261,0.5218477
1262,0.5219833
1263,0.5223176
1264,0.5224118
1265,0.52234054
1266,0.52237594
1267,0.52256435
1268,0.52269274
1269,0.5226131
1270,0.52290505
1271,0.5232685
1272,0.523269
1273,0.5233468
1274,0.52296764
1275,0.5226488
1276,0.5225296
1277,0.5233093
1278,0.5233903
1279,0.5233132
1280,0.5232795
1281,0.5238088
1282,0.5244691
1283,0.52419525
1284,0.5240424
1285,0.52402514
1286,0.5241933
1287,0.5238913
1288,0.5237115
1289,0.5236725
1290,0.52346605
1291,0.5234689
1292,0.52352417
1293,0.5234313
1294,0.52329785
1295,0.52314025
1296,0.5235426
1297,0.5243054
1298,0.5250371
1299,0.524907
1300,0.52464604
1301,0.5244769
1302,0.5246648
1303,0.5247827
1304,0.52477944
1305,0.5248743
1306,0.5248427
1307,0.52459556
1308,0.524863
1309,0.52510107
1310,0.5252226
1311,0.5251348
1312,0.52558714
1313,0.5257009
1314,0.52601105
1315,0.5266293
1316,0.5287552
1317,0.5306177
1318,0.53058225
1319,0.5300905
1320,0.53015083
1321,0.53128207
1322,0.53324604
1323,0.5333139
1324,0.53338295
1325,0.53737056
1326,0.54342264
1327,0.54318553
1328,0.54387265
1329,0.5439798
1330,0.5419455
1331,0.53993046
1332,0.53852063
1333,0.53764045
1334,0.5371616
1335,0.53697145
1336,0.5386445
1337,0.5404997
1338,0.54160845
1339,0.5418751
1340,0.5432337
1341,0.5449106
1342,0.54549176
1343,0.5456245
1344,0.5473512
1345,0.55019253
1346,0.5530971
1347,0.5570418
1348,0.55791694
1349,0.56144744
1350,0.5612537
1351,0.56260514
1352,0.5615712
1353,0.56379676
1354,0.56430084
1355,0.5625454
1356,0.56307214
1357,0.5681326
1358,0.56925374
1359,0.5681729
1360,0.56864023
1361,0.5683122
1362,0.5684916
1363,0.56685436
1364,0.56441945
1365,0.56161207
1366,0.56201833
1367,0.56131226
1368,0.5620821
1369,0.5621144
1370,0.5605861
1371,0.56176907
1372,0.5626879
1373,0.5610844
1374,0.56076455
1375,0.5575272
1376,0.5575738
1377,0.5576916
1378,0.55672
1379,0.5567477
1380,0.55534106
1381,0.5538962
1382,0.5525674
1383,0.551247
1384,0.55378604
1385,0.55326617
1386,0.5550519
1387,0.5561172
1388,0.5570046
1389,0.55878067
1390,0.5612295
1391,0.56051445
1392,0.55824083
1393,0.556505
1394,0.5551759
1395,0.55303407
1396,0.55090046
1397,0.5493301
1398,0.5511137
1399,0.55100423
1400,0.5521192
1401,0.5521908
1402,0.5525317
1403,0.55348825
1404,0.55642563
1405,0.55704576
1406,0.5593678
1407,0.5604918
1408,0.56077087
1409,0.56181157
1410,0.5615109
1411,0.56205994
1412,0.56155074
1413,0.5610302
1414,0.5608005
1415,0.5620083
1416,0.5635964
1417,0.56714356
1418,0.56657225
1419,0.5655972
1420,0.5652488
1421,0.5665904
1422,0.5685549
1423,0.5686433
1424,0.56707466
1425,0.56473273
1426,0.5661538
1427,0.57005036
1428,0.57531554
1429,0.58042914
1430,0.582802
1431,0.5853688
1432,0.586197
1433,0.58663213
1434,0.58537006
1435,0.58656156
1436,0.5863054
1437,0.58593947
1438,0.58526796
1439,0.5831621
1440,0.5818867
1441,0.581566
1442,0.5811001
1443,0.5817732
1444,0.57978344
1445,0.5786434
1446,0.5777861
1447,0.5756712
1448,0.5751089
1449,0.57543623
1450,0.57448137
1451,0.5733069
1452,0.57195985
1453,0.57154363
1454,0.5702349
1455,0.5691399
1456,0.56925184
1457,0.5696223
1458,0.5715399
1459,0.57192487
1460,0.57139355
1461,0.57171667
1462,0.573223
1463,0.5730126
1464,0.5740148
1465,0.5746023
1466,0.5774607
1467,0.5798664
1468,0.5792881
1469,0.5800164
1470,0.58120245
1471,0.5834309
1472,0.586553
1473,0.58741266
1474,0.586688
1475,0.58601046
1476,0.5875102
1477,0.58458513
1478,0.5818083
1479,0.5791857
1480,0.5779636
1481,0.5776539
1482,0.5761349
1483,0.57569814
1484,0.5737746
1485,0.5719018
1486,0.5702634
1487,0.5697228
1488,0.56759316
1489,0.5665378
1490,0.56576097
1491,0.5658564
1492,0.5661355
1493,0.56522495
1494,0.56469387
1495,0.56393003
1496,0.56467235
1497,0.56442535
1498,0.56436837
1499,0.56433094
1500,0.56393516
1501,0.5630648
1502,0.56196046
1503,0.5609888
1504,0.5606205
1505,0.55997884
1506,0.56038415
1507,0.56087047
1508,0.56116784
1509,0.5644647
1510,0.5652463
1511,0.5647922
1512,0.5644817
1513,0.5651786
1514,0.5647822
1515,0.56516117
1516,0.5657022
1517,0.5671555
1518,0.5681186
1519,0.56848156
1520,0.568801
1521,0.56911194
1522,0.56972134
1523,0.5698874
1524,0.5697396
1525,0.5700582
1526,0.56953895
1527,0.5695115
1528,0.5682552
1529,0.56704164
1530,0.56700426
1531,0.56757975
1532,0.567272
1533,0.56696284
1534,0.5671457
1535,0.56757295
1536,0.56876636
1537,0.5683992
1538,0.56764704
1539,0.5675178
1540,0.5669171
1541,0.5678402
1542,0.5663852
1543,0.5653947
1544,0.56447285
1545,0.5633498
1546,0.56246364
1547,0.5616114
1548,0.5612342
1549,0.5606963
1550,0.56014156
1551,0.5617981
1552,0.5621602
1553,0.56125265
1554,0.56029016
1555,0.55961853
1556,0.55907524
1557,0.55836374
1558,0.5581696
1559,0.557332
1560,0.5570319
1561,0.55628514
1562,0.5556961
1563,0.55475414
1564,0.5570439
1565,0.5578874
1566,0.55878294
1567,0.5589297
1568,0.5585843
1569,0.5569846
1570,0.5560372
1571,0.55512977
1572,0.5543423
1573,0.5539311
1574,0.55323017
1575,0.55272025
1576,0.552524
1577,0.55287457
1578,0.553719
1579,0.5552049
1580,0.5560643
1581,0.5567973
1582,0.5650951
1583,0.5660567
1584,0.5650139
1585,0.56314975
1586,0.56281257
1587,0.5630159
1588,0.562352
1589,0.5617514
1590,0.5623261
1591,0.56158423
1592,0.5610104
1593,0.56008106
1594,0.5598157
1595,0.5603939
1596,0.5610734
1597,0.5620594
1598,0.56199175
1599,0.561757
1600,0.5602572
1601,0.56122255
1602,0.5604399
1603,0.55872375
1604,0.55775833
1605,0.5572833
1606,0.55677384
1607,0.556275
1608,0.55601704
1609,0.5548369
1610,0.554907
1611,0.55414486
1612,0.55304575
1613,0.5520071
1614,0.5518329
1615,0.55159414
1616,0.5519679
1617,0.55163395
1618,0.55780196
1619,0.557751
1620,0.55656755
1621,0.5565244
1622,0.55715865
1623,0.55657727
1624,0.55709136
1625,0.5563323
1626,0.5558242
1627,0.55467045
1628,0.5532193
1629,0.55204177
1630,0.55181444
1631,0.551406
1632,0.55073416
1633,0.55085546
1634,0.5505835
1635,0.5506003
1636,0.550464
1637,0.5509191
1638,0.5508541
1639,0.5499883
1640,0.5493494
1641,0.5489241
1642,0.5484354
1643,0.5491018
1644,0.5492465
1645,0.54861647
1646,0.5478146
1647,0.5471988
1648,0.5466754
1649,0.54700285
1650,0.5474653
1651,0.54732245
1652,0.5467579
1653,0.5464492
1654,0.5468415
1655,0.5479457
1656,0.5511336
1657,0.5518148
1658,0.55345404
1659,0.5527221
1660,0.5514477
1661,0.5517414
1662,0.55343515
1663,0.5554404
1664,0.55633706
1665,0.5556541
1666,0.55515355
1667,0.5557051
1668,0.55633235
1669,0.5572447
1670,0.55760473
1671,0.5574569
1672,0.5571302
1673,0.5565704
1674,0.55659056
1675,0.55677444
1676,0.5576541
1677,0.5574181
1678,0.5579535
1679,0.55791545
1680,0.557442
1681,0.5575326
1682,0.5584661
1683,0.5594325
1684,0.5589492
1685,0.5583409
1686,0.55803365
1687,0.5587566
1688,0.5584139
1689,0.5570238
1690,0.5551962
1691,0.5553659
1692,0.55417573
1693,0.55274564
1694,0.55128133
1695,0.5498357
1696,0.5493253
1697,0.5497889
1698,0.55028635
1699,0.55192614
1700,0.5549627
1701,0.5554546
1702,0.55655366
1703,0.55668867
1704,0.55799603
1705,0.55812913
1706,0.56190205
1707,0.5608973
1708,0.56035316
1709,0.560392
1710,0.5616498
1711,0.5627615
1712,0.5618423
1713,0.56227887
1714,0.5652922
1715,0.59854335
1716,0.57750696
1717,0.5589492
1718,0.5482791
1719,0.5434715
1720,0.5402538
1721,0.5403157
1722,0.5393967
1723,0.537408
1724,0.535483
1725,0.53344744
1726,0.5326951
1727,0.532379
1728,0.53194445
1729,0.5321705
1730,0.5321517
1731,0.5313088
1732,0.53079665
1733,0.53065515
1734,0.53043705
1735,0.5307732
1736,0.5311591
1737,0.53095806
1738,0.53097266
1739,0.53102314
1740,0.53109056
1741,0.5314271
1742,0.53157395
1743,0.531533
1744,0.5312758
1745,0.531536
1746,0.5326346
1747,0.5337116
1748,0.53491944
1749,0.53535426
1750,0.53800714
1751,0.5403894
1752,0.54089415
1753,0.54082465
1754,0.5405225
1755,0.5396854
1756,0.53975934
1757,0.5390166
1758,0.53813696
1759,0.5373265
1760,0.53650075
1761,0.5362708
1762,0.5365999
1763,0.5365053
1764,0.5364033
1765,0.5362889
1766,0.5365085
1767,0.5370734
1768,0.53935176
1769,0.54051805
1770,0.5402622
1771,0.53926426
1772,0.5385042
1773,0.5379996
1774,0.5371846
1775,0.5368587
1776,0.5361438
1777,0.53767955
1778,0.5371454
1779,0.53657037
1780,0.5356759
1781,0.53495675
1782,0.5349051
1783,0.53462154
1784,0.53457326
1785,0.53421956
1786,0.53371894
1787,0.5341871
1788,0.5341175
1789,0.53393656
1790,0.53399307
1791,0.5336733
1792,0.5334144
1793,0.5331161
1794,0.5333814
1795,0.5333752
1796,0.53303105
1797,0.5327491
1798,0.53235453
1799,0.53238994
1800,0.53222686
1801,0.53187305
1802,0.5318741
1803,0.53206575
1804,0.5320184
1805,0.5318689
1806,0.5319976
1807,0.5322838
1808,0.5325102
1809,0.53222495
1810,0.53201306
1811,0.5315153
1812,0.5310204
1813,0.5309133
1814,0.5308928
1815,0.5310185
1816,0.5308211
1817,0.53086627
1818,0.5309205
1819,0.530699
1820,0.5308011
1821,0.5307982
1822,0.5304952
1823,0.5303942
1824,0.53032136
1825,0.53021365
1826,0.53005934
1827,0.5296411
1828,0.52928007
1829,0.52941185
1830,0.5302855
1831,0.5307803
1832,0.5309257
1833,0.5300082
1834,0.52940434
1835,0.5291241
1836,0.5289291
1837,0.528793
1838,0.52856356
1839,0.5283476
1840,0.5281769
1841,0.5280423
1842,0.5280396
1843,0.5282981
1844,0.5279799
1845,0.5277852
1846,0.5278033
1847,0.5280958
1848,0.5280697
1849,0.52797574
1850,0.5278673
1851,0.5276244
1852,0.52751565
1853,0.52714205
1854,0.52717984
1855,0.5270693
1856,0.52710783
1857,0.5269798
1858,0.5267042
1859,0.52656984
1860,0.52633417
1861,0.5262181
1862,0.52644044
1863,0.5267482
1864,0.5270214
1865,0.52691066
1866,0.52673554
1867,0.52654326
1868,0.5264059
1869,0.5262321
1870,0.5261262
1871,0.5263581
1872,0.5267349
1873,0.52703667
1874,0.5270854
1875,0.52742165
1876,0.52729905
1877,0.52709925
1878,0.5270493
1879,0.52708614
1880,0.52714944
1881,0.527068
1882,0.52691054
1883,0.52681863
1884,0.5272904
1885,0.52782357
1886,0.52771205
1887,0.5275993
1888,0.52737284
1889,0.5276065
1890,0.52779895
1891,0.52758807
1892,0.52756053
1893,0.52738655
1894,0.5273928
1895,0.52831215
1896,0.52876997
1897,0.5287816
1898,0.528517
1899,0.5286092
1900,0.52891123
1901,0.5293708
1902,0.5293885
1903,0.53011256
1904,0.5302606
1905,0.5303088
1906,0.5305773
1907,0.5302025
1908,0.5298649
1909,0.52964705
1910,0.52941126
1911,0.52947587
1912,0.5292915
1913,0.5291549
1914,0.52907157
1915,0.5289199
1916,0.5287555
1917,0.5291163
1918,0.5296913
1919,0.5298648
1920,0.53014684
1921,0.5303481
1922,0.53011024
1923,0.5302206
1924,0.53154176
1925,0.5318922
1926,0.53159213
1927,0.5313584
1928,0.5313719
1929,0.5310881
1930,0.53076005
1931,0.530665
1932,0.5304105
1933,0.5301867
1934,0.5300132
1935,0.5301661
1936,0.53021955
1937,0.53029436
1938,0.53017086
1939,0.5302656
1940,0.5300855
1941,0.5299898
1942,0.5299262
1943,0.5298998
1944,0.52973765
1945,0.52984697
1946,0.52980435
1947,0.53043485
1948,0.5304309
1949,0.5302158
1950,0.52982914
1951,0.529558
1952,0.5295528
1953,0.52933973
1954,0.5291795
1955,0.52925706
1956,0.5297413
1957,0.5294363
1958,0.52915406
1959,0.5290017
1960,0.5290468
1961,0.52893126
1962,0.52946043
1963,0.52923906
1964,0.5289176
1965,0.52916396
1966,0.5291217
1967,0.5288459
1968,0.52864003
1969,0.52840465
1970,0.5282826
1971,0.5282417
1972,0.52816725
1973,0.5280368
1974,0.5279719
1975,0.52795285
1976,0.5283744
1977,0.52948064
1978,0.52972555
1979,0.529624
1980,0.5293274
1981,0.52907425
1982,0.5290967
1983,0.5295523
1984,0.52976453
1985,0.5299421
1986,0.5300116
1987,0.52982277
1988,0.52993006
1989,0.53048384
1990,0.5307365
1991,0.5309514
1992,0.5304665
1993,0.52993786
1994,0.5296906
1995,0.5291866
1996,0.52896106
1997,0.52896667
1998,0.5307455
1999,0.5304799
2000,0.53012794
2001,0.529737
2002,0.52947164
2003,0.529468
2004,0.5294684
2005,0.5293901
2006,0.5295378
2007,0.5296588
2008,0.52922565
2009,0.5286984
2010,0.52853185
2011,0.5286498
2012,0.52894783
2013,0.5295842
2014,0.5296337
2015,0.5295252
2016,0.529503
2017,0.5291866
2018,0.52900106
2019,0.5289046
2020,0.5289387
2021,0.5286543
2022,0.52842045
2023,0.52844983
2024,0.5286704
2025,0.52918136
2026,0.5290963
2027,0.5286885
2028,0.5285307
2029,0.52825963
2030,0.5283124
2031,0.5283143
2032,0.5287138
2033,0.52888125
2034,0.52907133
2035,0.52892745
2036,0.52867943
2037,0.5284322
2038,0.52847844
2039,0.5292964
2040,0.5300033
2041,0.5300173
2042,0.5300106
2043,0.5321305
2044,0.5333859
2045,0.5335356
2046,0.53299105
2047,0.53260535
2048,0.5328599
2049,0.5332825
2050,0.53380245
2051,0.533875
2052,0.53389746
2053,0.5337804
2054,0.53373003
2055,0.53359187
2056,0.5342232
2057,0.53489965
2058,0.53536683
2059,0.5355221
2060,0.5354089
2061,0.53523105
2062,0.5355551
2063,0.536288
2064,0.53820246
2065,0.53874767
2066,0.540082
2067,0.54040915
2068,0.53993964
2069,0.53928643
2070,0.5384106
2071,0.53836244
2072,0.53819686
2073,0.53776336
2074,0.53709316
2075,0.53657776
2076,0.5365828
2077,0.53615105
2078,0.5359885
2079,0.53566015
2080,0.53573465
2081,0.53583086
2082,0.5354356
2083,0.53514916
2084,0.5349928
2085,0.5347407
2086,0.5347988
2087,0.5347709
2088,0.53474486
2089,0.53453666
2090,0.53672117
2091,0.54020315
2092,0.5425375
2093,0.54202694
2094,0.54099727
2095,0.54060185
2096,0.5415376
2097,0.54285216
2098,0.5425417
2099,0.5426814
2100,0.5512457
2101,0.5487826
2102,0.546379
2103,0.5452702
2104,0.54416245
2105,0.54375124
2106,0.54290265
2107,0.5414333
2108,0.5396244
2109,0.5380222
2110,0.53598344
2111,0.53634155
2112,0.53752303
2113,0.5384728
2114,0.5385931
2115,0.5381587
2116,0.5381156
2117,0.53748715
2118,0.53721434
2119,0.53710073
2120,0.5374388
2121,0.5378756
2122,0.53752893
2123,0.5365754
2124,0.5361452
2125,0.53680557
2126,0.5380484
2127,0.5384397
2128,0.5395262
2129,0.54065526
2130,0.54173505
2131,0.5438787
2132,0.54660153
2133,0.54746944
2134,0.5493002
2135,0.5482035
2136,0.54843855
2137,0.54887843
2138,0.5488533
2139,0.5493169
2140,0.5516801
2141,0.5509751
2142,0.54929227
2143,0.54781187
2144,0.54734886
2145,0.54722667
2146,0.5488244
2147,0.5493998
2148,0.5506154
2149,0.5536656
2150,0.554878
2151,0.55533814
2152,0.5564102
2153,0.5572563
2154,0.5564742
2155,0.555036
2156,0.55296546
2157,0.5510953
2158,0.54991865
2159,0.5484394
2160,0.54770714
2161,0.5476737
2162,0.5468333
2163,0.54676026
2164,0.5460928
2165,0.5446875
2166,0.5433724
2167,0.5414531
2168,0.54095423
2169,0.5404151
2170,0.5401242
2171,0.53947085
2172,0.5388457
2173,0.53851897
2174,0.5384043
2175,0.5407346
2176,0.54090345
2177,0.54032063
2178,0.5395887
2179,0.53930885
2180,0.53962755
2181,0.5394819
2182,0.5389303
2183,0.5382348
2184,0.5376864
2185,0.5374319
2186,0.5375333
2187,0.537823
2188,0.538726
2189,0.5388888
2190,0.53866035
2191,0.538933
2192,0.53876776
2193,0.5396491
2194,0.54011136
2195,0.53944993
2196,0.5394789
2197,0.5405486
2198,0.5418592
2199,0.54283845
2200,0.54429954
2201,0.5440368
2202,0.54422563
2203,0.5442112
2204,0.54449284
2205,0.54439074
2206,0.5440147
2207,0.5439056
2208,0.5430381
2209,0.5415722
2210,0.5407104
2211,0.54025745
2212,0.53959554
2213,0.53920513
2214,0.538727
2215,0.5382538
2216,0.53710735
2217,0.53750944
2218,0.5387354
2219,0.5377911
2220,0.53669316
2221,0.5358164
2222,0.5368198
2223,0.5364764
2224,0.5356207
2225,0.5343956
2226,0.53366
2227,0.5328984
2228,0.5325518
2229,0.53191686
2230,0.5313651
2231,0.53089267
2232,0.53062075
2233,0.53062075
2234,0.53054905
2235,0.5310998
2236,0.5315386
2237,0.5311143
2238,0.5309064
2239,0.5304464
2240,0.5299769
2241,0.5295033
2242,0.5303503
2243,0.5312013
2244,0.53148836
2245,0.5316407
2246,0.5312122
2247,0.5312338
2248,0.5314119
2249,0.53110445
2250,0.53100556
2251,0.5305666
2252,0.5306247
2253,0.53059334
2254,0.53042763
2255,0.5298754
2256,0.52960944
2257,0.5296778
2258,0.52961123
2259,0.52939075
2260,0.52960384
2261,0.5296982
2262,0.5295854
2263,0.5294627
2264,0.5298502
2265,0.5302602
2266,0.5301119
2267,0.52989537
2268,0.5295254
2269,0.52939785
2270,0.5294702
2271,0.52924573
2272,0.5291388
2273,0.529406
2274,0.52926695
2275,0.5287059
2276,0.52804464
2277,0.5275369
2278,0.52710366
2279,0.52687705
2280,0.526918
2281,0.52672553
2282,0.5267761
2283,0.52668333
2284,0.52666783
2285,0.52700245
2286,0.5294495
2287,0.53016794
2288,0.5303699
2289,0.5301164
2290,0.5297542
2291,0.5290935
2292,0.5289182
2293,0.52851766
2294,0.528099
2295,0.5279286
2296,0.52778494
2297,0.5279476
2298,0.52790415
2299,0.5279775
2300,0.528141
2301,0.52800226
2302,0.5278676
2303,0.5275009
2304,0.52769333
2305,0.5277145
2306,0.5280754
2307,0.52826846
2308,0.52811545
2309,0.52846396
2310,0.5289511
2311,0.52869743
2312,0.5283409
2313,0.5280733
2314,0.52799207
2315,0.5279365
2316,0.5280627
2317,0.52892756
2318,0.5290703
2319,0.5287722
2320,0.5284287
2321,0.5282111
2322,0.52806896
2323,0.5281429
2324,0.5283559
2325,0.5307308
2326,0.5312278
2327,0.53138727
2328,0.5314774
2329,0.53164834
2330,0.5318273
2331,0.5315516
2332,0.5312219
2333,0.53078866
2334,0.53099257
2335,0.53121954
2336,0.53112495
2337,0.5306723
2338,0.5302496
2339,0.52996343
2340,0.5298771
2341,0.5296558
2342,0.5294598
2343,0.52941763
2344,0.5293455
2345,0.5291474
2346,0.5288473
2347,0.52881974
2348,0.52868974
2349,0.52861506
2350,0.5290494
2351,0.52960145
2352,0.5301935
2353,0.5304728
2354,0.5301258
2355,0.5298878
2356,0.530049
2357,0.5302223
2358,0.53056514
2359,0.5305965
2360,0.53026915
2361,0.5302172
2362,0.5302427
2363,0.53053105
2364,0.5313698
2365,0.5318003
2366,0.53180414
2367,0.5315827
2368,0.53162634
2369,0.532015
2370,0.5322338
2371,0.53230596
2372,0.5326876
2373,0.5327234
2374,0.53274685
2375,0.5325546
2376,0.5324156
2377,0.5320103
2378,0.5316662
2379,0.53141713
2380,0.53108877
2381,0.5307622
2382,0.53016704
2383,0.5332695
2384,0.53411865
2385,0.5339979
2386,0.5339652
2387,0.5341823
2388,0.5337309
